Start Date,Bands
2024-12-26,Johanna Rose
2024-12-26,Ellie Jackson
2024-12-26,Bitch Creek
2024-11-13,Modest Mouse
2024-11-13,The Black Heart Procession
2024-11-09,Haley Heynderickx
2024-11-09,Lily Breshears
2024-11-02,The Menzingers
2024-11-02,Direct Hit!
2024-11-02,Holy Pinto
2024-10-24,The Nunnery
2024-10-24,Dosh
2024-10-24,Luke Callen
2024-10-24,Maximiano
2024-10-24,Jesse Walkers Hitch
2024-10-18,Jacob Slade
2024-10-11,Horseshoes & Hand Grenades
2024-10-11,Ladybird
2024-10-04,Yard Act
2024-10-04,Marika Hackman
2024-10-04,Art School Girlfriend
2024-09-29,Kaitlin Butts
2024-09-29,Angel White
2024-09-22,A.A. Williams
2024-09-22,Jorge Vallentine
2024-09-20,Dessa
2024-09-20,Wave Chapelle
2024-09-17,Arlo Parks
2024-09-17,Social Cig
2024-09-14,Charlie Bliss
2024-09-14,Raffaella
2024-09-07,Maximiano
2024-09-07,Long Mama
2024-09-07,King Courteen
2024-09-04,Silversun Pickups
2024-09-04,Speedy Ortiz
2024-08-23,Maggie Rose
2024-08-22,Lindsey Stirling
2024-08-22,Walk Off The Earth
2024-08-21,Talib Kweli
2024-08-17,Reyna
2024-08-17,Vic and Gab
2024-08-17,Eliza Hanson
2024-08-07,Bats
2024-08-02,J.E. Sunde
2024-08-02,Caley Conway
2024-08-01,Ra Ra Riot
2024-08-01,Katy Kirby
2024-08-01,Mei Semones
2024-08-01,Maximiano
2024-07-31,Max Niemann and the Fellow Traveles
2024-07-06,Chase Rice
2024-07-06,Amy Grant
2024-07-06,Extreme
2024-07-06,BoDeans
2024-07-06,Sister Hazel
2024-07-06,Living Colour
2024-07-06,Cracker
2024-07-06,Uprooted Feat. Michael Glabicki
2024-07-06,Anne Wilson
2024-07-06,Ashland Craft
2024-07-06,Seaforth
2024-07-06,Giacomo Turra
2024-07-06,Tim Montana
2024-07-06,Josh Morgan
2024-07-06,Me Like Bees
2024-07-06,Cold War Kids
2024-07-06,Fillmore East
2024-07-05,Local Natives
2024-07-04,Wave Chapelle
2024-07-04,Ellie Jackson
2024-07-04,Reyna
2024-07-04,Say She She
2024-06-27,Alison Wonderland
2024-06-27,Ken Carson
2024-06-27,Sleater-Kinney
2024-06-27,Boys Like Girls
2024-06-27,St. Paul and The Broken Bones
2024-06-27,K camp
2024-06-27,Hawthorne Heights
2024-06-27,Anberlin
2024-06-27,Brigitte Calls Me Baby
2024-06-27,Ian Asher
2024-06-27,Briscoe
2024-06-27,Millyz
2024-06-27,grouptherapy.
2024-06-27,Clip
2024-06-27,J Stone
2024-06-27,Tracy Bonham
2024-06-27,Cedric Burnside
2024-06-27,McKinley Dixon
2024-06-27,Bassel & the Supernaturals
2024-06-27,ILLENIUM
2024-06-21,Charlotte Cardin
2024-06-21,Taylor Bennett
2024-06-14,Iron & Wine
2024-06-14,Ken Pomeroy
2024-06-13,Gregory Allen Isakov
2024-06-12,Wilco
2024-06-12,Cut Worms
2024-06-03,Camera Obscura
2024-06-03,Photo Ops
2024-05-07,Belle and Sebastian
2024-05-07,Haley Henderickx
2024-05-01,Durry
2024-05-01,Lunar Moth
2024-04-27,Sierra Ferrell
2024-04-27,Cat Clyde
2024-04-22,Alvvays
2024-04-22,Spllit
2024-04-20,Friko
2024-04-20,Saint Motel
2024-04-20,Gibbz
2024-04-10,The Mountain Goats
2024-04-10,Katy Kirby
2024-04-08,Real Estate
2024-04-08,Marina Allen
2024-04-06,We Are the Willows
2024-04-05,eliza mclamb
2024-04-05,The Last Dinner Party
2024-04-05,Miss Grit
2024-03-31,Barely Civil
2024-03-31,Magazine Beach
2024-03-31,Overhand
2024-03-31,Known Moons
2024-03-27,Sun June
2024-03-27,Wild Pink
2024-03-27,Sinai Vessel
2024-03-16,Grouplove
2024-03-16,Bully
2024-03-07,Max Niemann and the Fellow Traveles
2024-03-07,Jacob Slade
2024-03-07,Holy Pinto
2024-03-02,Cat Power
2024-03-01,Diet Lite
2024-03-01,Motel Breakfast
2024-03-01,Ladybird
2024-02-22,Molly Grace
2024-02-22,The Wonderlands (US)
2024-02-20,Wave Chapelle
2024-02-20,ADORNER
2024-02-12,Briston Maroney
2024-02-12,Phoebe Go
2024-02-09,Abraham Alexander
2024-02-09,Black Violin
2024-02-08,Willi Carlisle
2024-02-08,Golden Shoals
2024-02-03,Wave Chapelle
2024-02-03,Dak Dubois
2024-02-03,Scam Likely
2024-02-03,Sleepy Groucho
2024-01-27,CÃ©cile McLorin Salvante
2024-01-18,Meg Myers
2024-01-13,Lady Bird
2024-01-13,Max Niemann
2024-01-13,Jacob Slade
2024-01-13,Maximiano
2024-01-13,Jack Eyke
